<Entities>
    <Mashups>
        <Mashup aspect.isResponsive="true" aspect.mashupType="mashup" columns="0.0" description="CSV Import Mashup" documentationContent="" homeMashup="" name="ImportMashup" projectName="" rows="0.0" tags="">
            <Things>
                <Thing>ImportHelper</Thing>
            </Things>
            <ThingShapes/>
            <ThingTemplates/>
            <mashupContent><![CDATA[{
  "RunTimePermissions" : { },
  "UI" : {
    "Widgets" : [ {
      "Widgets" : [ {
        "Widgets" : [ ],
        "Properties" : {
          "DisplayRepositorySelector" : false,
          "Path" : "/",
          "Left" : 30,
          "FileName" : "",
          "ShowDataLoading" : true,
          "ResponsiveLayout" : false,
          "Z-index" : 10,
          "RepositoryName" : "ImportRepository",
          "FocusStyle" : "DefaultButtonFocusStyle",
          "DisplayPathTextBox" : false,
          "AllowedFileTypes" : ".csv",
          "RepositoryStyle" : "DefaultRepositoryStyle",
          "TabSequence" : 0,
          "__TypeDisplayName" : "File Upload",
          "Area" : "UI",
          "Type" : "fileupload",
          "Top" : 115,
          "Visible" : true,
          "DisplayName" : "ImportFileUpload",
          "Style" : "DefaultFileUploadStyle",
          "Height" : 40,
          "FullPath" : "",
          "Id" : "fileupload-2",
          "Width" : 302
        }
      }, {
        "Widgets" : [ ],
        "Properties" : {
          "Left" : 30,
          "ShowDataLoading" : true,
          "ResponsiveLayout" : false,
          "Z-index" : 10,
          "FocusStyle" : "DefaultFocusStyle",
          "TabSequence" : 0,
          "__TypeDisplayName" : "Checkbox",
          "ToolTipField" : "[[com.thingworx.csvimport.headertip]]",
          "Area" : "UI",
          "Type" : "checkbox",
          "Top" : 175,
          "State" : false,
          "Visible" : true,
          "DisplayName" : "header",
          "Style" : "DefaultCheckboxStyle",
          "Prompt" : "[[com.thingworx.csvimport.header]]",
          "Height" : 20,
          "Id" : "checkbox-5",
          "Disabled" : false,
          "Width" : 190
        }
      }, {
        "Widgets" : [ ],
        "Properties" : {
          "Left" : 30,
          "Description" : "",
          "CancelConfirmationButton" : "button2",
          "ShowDataLoading" : true,
          "Label" : "[[com.thingworx.csvimport.importbutton]]",
          "FocusStyle" : "DefaultButtonFocusStyle",
          "TabSequence" : 0,
          "ToolTipField" : "[[com.thingworx.csvimport.importbuttontip]]",
          "IconAlignment" : "left",
          "Visible" : true,
          "DisplayName" : "Import",
          "Style" : "DefaultButtonStyle",
          "Height" : 30,
          "DisabledStyle" : "DefaultButtonDisabledStyle",
          "ConfirmationTitle" : "Confirm Action",
          "Disabled" : false,
          "Width" : 75,
          "ResponsiveLayout" : false,
          "ConfirmationPrompt" : "Do Action?",
          "Z-index" : 10,
          "ConfirmationButton1Label" : "Yes",
          "RoundedCorners" : true,
          "__TypeDisplayName" : "Button",
          "HoverStyle" : "DefaultButtonHoverStyle",
          "Area" : "UI",
          "Type" : "button",
          "Top" : 220,
          "DefaultConfirmationButton" : "button1",
          "ContextId" : "",
          "ConfirmationRequired" : false,
          "Id" : "button-6",
          "ConfirmationButton2Label" : "No",
          "ActiveStyle" : "DefaultButtonActiveStyle"
        }
      }, {
        "Widgets" : [ ],
        "Properties" : {
          "Left" : 30,
          "ShowDataLoading" : true,
          "ResponsiveLayout" : false,
          "Z-index" : 10,
          "Text" : "[[com.thingworx.csvimport.title]]",
          "__TypeDisplayName" : "Label",
          "ToolTipField" : "",
          "Area" : "UI",
          "Type" : "label",
          "Alignment" : "left",
          "Top" : 10,
          "Visible" : true,
          "DisplayName" : "Title",
          "Style" : "DefaultDashboardTitleStyle",
          "Height" : 22,
          "Id" : "label-7",
          "Width" : 165
        }
      }, {
        "Widgets" : [ ],
        "Properties" : {
          "Left" : 30,
          "Description" : "",
          "ShowDataLoading" : true,
          "ResponsiveLayout" : false,
          "Z-index" : 10,
          "Text" : "[[com.thingworx.csvimport.instructions]]",
          "__TypeDisplayName" : "Label",
          "ToolTipField" : "",
          "Area" : "UI",
          "Type" : "label",
          "Alignment" : "left",
          "Top" : 50,
          "Visible" : true,
          "DisplayName" : "Instructions",
          "Style" : "DefaultLabelStyle",
          "Height" : 47,
          "Id" : "label-8",
          "Width" : 250
        }
      }, {
        "Widgets" : [ ],
        "Properties" : {
          "Left" : 30,
          "Description" : "",
          "ShowDataLoading" : true,
          "ResponsiveLayout" : false,
          "Z-index" : 10,
          "Text" : "[[com.thingworx.csvimport.note]]",
          "__TypeDisplayName" : "Label",
          "ToolTipField" : "",
          "Area" : "UI",
          "Type" : "label",
          "Alignment" : "left",
          "Top" : 270,
          "Visible" : true,
          "DisplayName" : "note",
          "Style" : "DefaultLabelStyle",
          "Height" : 80,
          "Id" : "label-9",
          "Width" : 295
        }
      }, {
        "Widgets" : [ ],
        "Properties" : {
          "NavigationHoverStyle" : "DefaultTagCloudBodyHover",
          "Left" : 20,
          "Description" : "",
          "ShowDataLoading" : true,
          "TargetWindow" : "popup",
          "ShowCloseButton" : true,
          "ModalPopupOpacity" : 0.5,
          "TabSequence" : 0,
          "FixedPopupHeight" : 0,
          "ToolTipField" : "[[com.thingworx.csvimport.importfomattip]]",
          "Alignment" : "left",
          "IconAlignment" : "left",
          "Visible" : true,
          "DisplayName" : "ImportFormat",
          "Style" : "DefaultLinkStyle",
          "Height" : 30,
          "Width" : 130,
          "ReloadOnReplace" : false,
          "PopupScrolling" : "visible",
          "PopupTitle" : "[[com.thingworx.csvimport.importformat]]",
          "ShowMessageIfNoMashup" : false,
          "MashupName" : "ImportFormat",
          "ClickOutsideToClose" : true,
          "PopupTitleStyle" : "DefaultPopupTitleStyle",
          "ResponsiveLayout" : false,
          "Z-index" : 10,
          "MashupParameters" : [ ],
          "Text" : "[[com.thingworx.csvimport.importformat]]",
          "FixedPopupWidth" : 0,
          "RoundedCorners" : true,
          "__TypeDisplayName" : "Navigation",
          "MessageToShow" : "Mashup must be selected",
          "Area" : "UI",
          "Type" : "navigation",
          "Transparent" : false,
          "Top" : 335,
          "NavigationFocusStyle" : "DefaultLinkStyle",
          "Id" : "navigation-10",
          "NavigationActiveStyle" : "DefaultNavigationActiveStyle"
        }
      }, {
        "Widgets" : [ ],
        "Properties" : {
          "Left" : 140,
          "Description" : "",
          "Message" : "[[com.thingworx.csvimport.complete]]",
          "ShowDataLoading" : true,
          "ResponsiveLayout" : false,
          "Z-index" : 10,
          "__TypeDisplayName" : "Status Message",
          "Area" : "UI",
          "Type" : "statusmessage",
          "Top" : 215,
          "Visible" : true,
          "DisplayName" : "OKUpload",
          "Height" : 10,
          "Id" : "statusmessage-11",
          "Width" : 10,
          "MessageType" : "info"
        }
      }, {
        "Widgets" : [ ],
        "Properties" : {
          "Left" : 200,
          "Description" : "",
          "Message" : "[[com.thingworx.csvimport.failure]]",
          "ShowDataLoading" : true,
          "ResponsiveLayout" : false,
          "Z-index" : 10,
          "__TypeDisplayName" : "Status Message",
          "Area" : "UI",
          "Type" : "statusmessage",
          "Top" : 220,
          "Visible" : true,
          "DisplayName" : "UploadFailed",
          "Height" : 10,
          "Id" : "statusmessage-12",
          "Width" : 10,
          "MessageType" : "error"
        }
      } ],
      "Properties" : {
        "Left" : 130,
        "HideScrollbars" : false,
        "ResponsiveLayout" : true,
        "ShowDataLoading" : true,
        "Z-index" : 10,
        "VerticalAnchor" : "top",
        "__TypeDisplayName" : "Panel",
        "HorizontalAnchor" : "left",
        "Area" : "UI",
        "Type" : "panel",
        "Top" : 175,
        "Visible" : true,
        "DisplayName" : "panel-1",
        "Style" : "DefaultPanelStyle",
        "Height" : 200,
        "Id" : "panel-1",
        "Width" : 300
      }
    } ],
    "Properties" : {
      "MinHeight" : 0,
      "Left" : 0,
      "BGImageRepeat" : "no-repeat",
      "ShowDataLoading" : true,
      "AddToDashboardButtonStyle" : "DefaultAddToDashboardButtonStyle",
      "id_index" : 12,
      "supportsAutoResize" : true,
      "Visible" : true,
      "DisplayName" : "Mashup",
      "Style" : "DefaultMashupStyle",
      "BGImageSize" : "auto",
      "Height" : 618,
      "Width" : 1024,
      "TitleBar" : false,
      "Rows" : 0,
      "ConfigureGadgetButtonStyle" : "DefaultConfigureGadgetButtonStyle",
      "TitleBarStyle" : "DefaultTitleBarStyle",
      "ResponsiveLayout" : true,
      "Title" : "",
      "Columns" : 0,
      "Z-index" : 10,
      "TitleBarText" : "Gadget Title Here",
      "MinWidth" : 0,
      "__TypeDisplayName" : "Mashup",
      "EnableParameterEditing" : false,
      "Area" : "Mashup",
      "Type" : "mashup",
      "Top" : 0,
      "IsPrintLayout" : false,
      "MashupToEditGadget" : "DefaultMashupToEditGadget",
      "Id" : "mashup-root",
      "IgnoreWarningsInViewMashup" : false
    }
  },
  "Events" : [ {
    "EventTriggerArea" : "UI",
    "EventHandlerService" : "ConvertToXML",
    "EventTriggerSection" : "",
    "EventHandlerId" : "Things_ImportHelper",
    "EventTriggerEvent" : "Clicked",
    "Id" : "4524165f-bc39-4af0-bb5c-1d6c959f9f46",
    "EventTriggerId" : "button-6",
    "EventHandlerArea" : "Data"
  }, {
    "EventTriggerArea" : "UI",
    "EventHandlerService" : "ShowMessage",
    "EventTriggerSection" : "",
    "EventHandlerId" : "statusmessage-11",
    "EventTriggerEvent" : "UploadComplete",
    "Id" : "b2bc6e8a-0c19-400b-96cd-faedb598ba0e",
    "EventTriggerId" : "fileupload-2",
    "EventHandlerArea" : "UI"
  }, {
    "EventTriggerArea" : "UI",
    "EventHandlerService" : "ShowMessage",
    "EventTriggerSection" : "",
    "EventHandlerId" : "statusmessage-12",
    "EventTriggerEvent" : "UploadFailed",
    "Id" : "5127d595-9b46-4833-a596-c8a977716f9f",
    "EventTriggerId" : "fileupload-2",
    "EventHandlerArea" : "UI"
  } ],
  "mashupType" : "mashup",
  "DataBindings" : [ {
    "SourceArea" : "UI",
    "TargetArea" : "Data",
    "TargetSection" : "Things_ImportHelper",
    "SourceId" : "fileupload-2",
    "Id" : "9832c9cf-bb0b-4abf-8af5-d15c3a49f7d4",
    "SourceSection" : "",
    "PropertyMaps" : [ {
      "TargetProperty" : "csvFilename",
      "TargetPropertyType" : "Parameter",
      "SourcePropertyBaseType" : "STRING",
      "TargetPropertyBaseType" : "STRING",
      "SourceProperty" : "FileName"
    } ],
    "TargetId" : "ConvertToXML"
  }, {
    "SourceArea" : "UI",
    "TargetArea" : "Data",
    "TargetSection" : "Things_ImportHelper",
    "SourceId" : "checkbox-5",
    "Id" : "7bd4c833-87d5-4fa3-8406-11495274b2fa",
    "SourceSection" : "",
    "PropertyMaps" : [ {
      "TargetProperty" : "hasHeaderRow",
      "TargetPropertyType" : "Parameter",
      "SourcePropertyBaseType" : "BOOLEAN",
      "TargetPropertyBaseType" : "BOOLEAN",
      "SourceProperty" : "State"
    } ],
    "TargetId" : "ConvertToXML"
  } ],
  "Data" : {
    "Things_ImportHelper" : {
      "EntityType" : "Things",
      "Services" : [ {
        "Target" : "ConvertToXML",
        "Parameters" : { },
        "APIMethod" : "post",
        "Characteristic" : "Services",
        "RefreshInterval" : 0,
        "Id" : "bfb2e6cf-81cb-4b8a-b0be-1a969306ed9c",
        "Properties" : {
          "CustomSuccessMessage" : "Import Complete",
          "CustomErrorMessage" : "Error importing: [server-message]",
          "ShowSuccessMessage" : true,
          "ShowErrorMessage" : true
        },
        "Name" : "ConvertToXML"
      } ],
      "EntityName" : "ImportHelper",
      "Id" : "c15ba1f1-996c-4682-ac03-ad0c0421fca4",
      "DataName" : "Things_ImportHelper"
    },
    "UserExtensions" : {
      "EntityType" : "UserExtensions",
      "Services" : [ {
        "Target" : "GetCurrentUserExtensionProperties",
        "Parameters" : { },
        "APIMethod" : "post",
        "Characteristic" : "Services",
        "RefreshInterval" : 0,
        "Id" : "UserExtensionInterface",
        "Name" : "GetCurrentUserExtensionProperties"
      } ],
      "EntityName" : "",
      "Id" : "UserExtensions",
      "DataName" : "UserExtensions"
    },
    "Session" : {
      "EntityType" : "Session",
      "Services" : [ {
        "Target" : "GetGlobalSessionValues",
        "Parameters" : { },
        "APIMethod" : "post",
        "Characteristic" : "Services",
        "RefreshInterval" : 0,
        "Id" : "SessionInterface",
        "Name" : "GetGlobalSessionValues"
      } ],
      "EntityName" : "",
      "Id" : "session",
      "DataName" : "Session"
    }
  },
  "DesignTimePermissions" : { }
}]]></mashupContent>
        </Mashup>
    </Mashups>
</Entities>
