<Entities>
    <Mashups>
        <Mashup aspect.isResponsive="true" aspect.mashupType="mashup" columns="0.0" description="Popup Mashup for the Import Format" documentationContent="" homeMashup="" name="ImportFormat" projectName="" rows="0.0" tags="">
            <Things>
                <Thing>ImportHelper</Thing>
            </Things>
            <ThingShapes/>
            <ThingTemplates/>
            <mashupContent><![CDATA[{
  "RunTimePermissions" : { },
  "UI" : {
    "Widgets" : [ {
      "Widgets" : [ ],
      "Properties" : {
        "RowSelectedStyle" : "DefaultRowSelectedStyle",
        "IsEditable" : false,
        "GridInvalidFieldStyle" : "DefaultGridInvalidFieldStyle",
        "Left" : 125,
        "ShowDataLoading" : true,
        "GridHeaderStyle" : "DefaultGridHeaderStyle",
        "RowAlternateBackgroundStyle" : "DefaultRowAlternateBackgroundStyle",
        "FocusStyle" : "DefaultFocusStyle",
        "TabSequence" : 0,
        "RowFormat_StateParameters" : [ ],
        "CellTextWrapping" : false,
        "GridBackgroundStyle" : "DefaultGridBackgroundStyle",
        "RowBackgroundStyle" : "DefaultRowBackgroundStyle",
        "GridEditableFieldStyle" : "DefaultGridEditableFieldStyle",
        "Visible" : true,
        "DisplayName" : "formatgrid",
        "Height" : 200,
        "Width" : 400,
        "MultiSelect" : false,
        "CurrentScrollTop" : 0,
        "ResponsiveLayout" : true,
        "ShowAllColumns" : false,
        "Z-index" : 10,
        "AlignHeader" : false,
        "__TypeDisplayName" : "Grid",
        "ScrollTop" : 0,
        "RowHeight" : 30,
        "ColumnFormat" : {
          "formatInfo" : [ {
            "ValidationMessage" : "",
            "Align" : "left",
            "AllowEdit" : false,
            "Title" : "column",
            "ValidationExpression" : "",
            "FormatOptions" : {
              "renderer" : "DEFAULT",
              "formatInfo" : {
                "StateFormats" : [ {
                  "stateName" : "fixed",
                  "state" : ""
                } ],
                "StateDefinition" : "",
                "StateDefinitionType" : "fixed",
                "FieldName" : ""
              },
              "formatText" : "View",
              "FormatString" : ""
            },
            "FieldName" : "column",
            "Width" : "auto"
          }, {
            "ValidationMessage" : "",
            "Align" : "left",
            "AllowEdit" : false,
            "Title" : "name",
            "ValidationExpression" : "",
            "FormatOptions" : {
              "renderer" : "STRING",
              "FormatString" : "full"
            },
            "FieldName" : "name",
            "Width" : "auto"
          }, {
            "ValidationMessage" : "",
            "Align" : "left",
            "AllowEdit" : false,
            "Title" : "required",
            "ValidationExpression" : "",
            "FormatOptions" : {
              "renderer" : "BOOLEAN",
              "formatInfo" : {
                "StateFormats" : [ {
                  "stateName" : "fixed",
                  "state" : ""
                } ],
                "StateDefinition" : "",
                "StateDefinitionType" : "fixed",
                "FieldName" : ""
              },
              "formatText" : "View",
              "FormatString" : "checkbox"
            },
            "FieldName" : "required",
            "Width" : "auto"
          }, {
            "ValidationMessage" : "",
            "Align" : "left",
            "AllowEdit" : false,
            "Title" : "description",
            "ValidationExpression" : "",
            "FormatOptions" : {
              "renderer" : "STRING",
              "FormatString" : "full"
            },
            "FieldName" : "description",
            "Width" : "auto"
          } ]
        },
        "Area" : "UI",
        "Type" : "dhxgrid",
        "Top" : 180,
        "IsPrintLayout" : false,
        "Id" : "dhxgrid-2",
        "RowHoverStyle" : "DefaultRowHoverStyle",
        "AutoSelectFirstRow" : false,
        "GridHeaderTextCase" : "capitalize"
      }
    } ],
    "Properties" : {
      "MinHeight" : 0,
      "Left" : 0,
      "BGImageRepeat" : "no-repeat",
      "ShowDataLoading" : true,
      "AddToDashboardButtonStyle" : "DefaultAddToDashboardButtonStyle",
      "id_index" : 2,
      "supportsAutoResize" : true,
      "Visible" : true,
      "DisplayName" : "Mashup",
      "Style" : "DefaultMashupStyle",
      "BGImageSize" : "auto",
      "Height" : 618,
      "Width" : 1024,
      "TitleBar" : false,
      "Rows" : 0,
      "ConfigureGadgetButtonStyle" : "DefaultConfigureGadgetButtonStyle",
      "TitleBarStyle" : "DefaultTitleBarStyle",
      "ResponsiveLayout" : true,
      "Title" : "",
      "Columns" : 0,
      "Z-index" : 10,
      "TitleBarText" : "Gadget Title Here",
      "MinWidth" : 0,
      "__TypeDisplayName" : "Mashup",
      "EnableParameterEditing" : false,
      "Area" : "Mashup",
      "Type" : "mashup",
      "Top" : 0,
      "IsPrintLayout" : false,
      "MashupToEditGadget" : "DefaultMashupToEditGadget",
      "Id" : "mashup-root",
      "IgnoreWarningsInViewMashup" : false
    }
  },
  "Events" : [ {
    "EventTriggerArea" : "Mashup",
    "EventHandlerService" : "ImportFormat",
    "EventTriggerSection" : "",
    "EventHandlerId" : "Things_ImportHelper",
    "EventTriggerEvent" : "Loaded",
    "Id" : "9fc6da96-7709-4cb0-be64-a292ca6f60d2",
    "EventTriggerId" : "mashup-root",
    "EventHandlerArea" : "Data"
  } ],
  "mashupType" : "mashup",
  "DataBindings" : [ {
    "SourceArea" : "Data",
    "TargetArea" : "UI",
    "TargetSection" : "",
    "SourceId" : "ImportFormat",
    "Id" : "960c1034-917c-404b-b9fa-1867684436b9",
    "SourceSection" : "Things_ImportHelper",
    "SourceDetails" : "AllData",
    "PropertyMaps" : [ {
      "SourcePropertyType" : "InfoTable",
      "TargetProperty" : "Data",
      "TargetPropertyType" : "property",
      "SourcePropertyBaseType" : "INFOTABLE",
      "TargetPropertyBaseType" : "INFOTABLE",
      "SourceProperty" : ""
    } ],
    "TargetId" : "dhxgrid-2"
  } ],
  "Data" : {
    "Things_ImportHelper" : {
      "EntityType" : "Things",
      "Services" : [ {
        "Target" : "ImportFormat",
        "Parameters" : { },
        "APIMethod" : "post",
        "Characteristic" : "Services",
        "RefreshInterval" : 0,
        "Id" : "bd245a7a-e7f7-46f6-bdb9-1f53e45eb8be",
        "Name" : "ImportFormat"
      } ],
      "EntityName" : "ImportHelper",
      "Id" : "5ab8e749-0f41-40b5-997b-2ae493223bef",
      "DataName" : "Things_ImportHelper"
    },
    "UserExtensions" : {
      "EntityType" : "UserExtensions",
      "Services" : [ {
        "Target" : "GetCurrentUserExtensionProperties",
        "Parameters" : { },
        "APIMethod" : "post",
        "Characteristic" : "Services",
        "RefreshInterval" : 0,
        "Id" : "UserExtensionInterface",
        "Name" : "GetCurrentUserExtensionProperties"
      } ],
      "EntityName" : "",
      "Id" : "UserExtensions",
      "DataName" : "UserExtensions"
    },
    "Session" : {
      "EntityType" : "Session",
      "Services" : [ {
        "Target" : "GetGlobalSessionValues",
        "Parameters" : { },
        "APIMethod" : "post",
        "Characteristic" : "Services",
        "RefreshInterval" : 0,
        "Id" : "SessionInterface",
        "Name" : "GetGlobalSessionValues"
      } ],
      "EntityName" : "",
      "Id" : "session",
      "DataName" : "Session"
    }
  },
  "DesignTimePermissions" : { }
}]]></mashupContent>
        </Mashup>
    </Mashups>
</Entities>
