<Entities>
    <LocalizationTables>
        <LocalizationTable description="Default localization table"
            documentationContent="" homeMashup="" languageCommon="English"
            languageNative="English" name="Default" projectName="" tags="">
            <ConfigurationTables>
                <ConfigurationTable description="Localization tokens and usage"
                    isMultiRow="true" name="LocalizationTokens" ordinal="0">
                    <DataShape>
                        <FieldDefinitions>
                            <FieldDefinition aspect.friendlyName="Translation context"
                                baseType="STRING" description="Translation context" name="context"
                                ordinal="3" />
                            <FieldDefinition aspect.friendlyName="Token name"
                                baseType="STRING" description="Token name" name="name" ordinal="0" />
                            <FieldDefinition aspect.friendlyName="Token usage"
                                baseType="STRING" description="Token usage" name="usage"
                                ordinal="2" />
                            <FieldDefinition aspect.friendlyName="Localized value"
                                baseType="STRING" description="Localized value" name="value"
                                ordinal="1" />
                        </FieldDefinitions>
                    </DataShape>
                    <Rows>
                        <Row>
                            <usage><![CDATA[Message]]></usage>
                            <name><![CDATA[com.thingworx.csvimport.complete]]></name>
                            <context><![CDATA[Pop up message on upload complete]]></context>
                            <value><![CDATA[CSV File Upload Complete]]></value>
                        </Row>
                        <Row>
                            <usage><![CDATA[Message]]></usage>
                            <name><![CDATA[com.thingworx.csvimport.failure]]></name>
                            <context><![CDATA[Pop up message on upload failure]]></context>
                            <value><![CDATA[CSV File Upload Failed]]></value>
                        </Row>
                        <Row>
                            <usage><![CDATA[Label]]></usage>
                            <name><![CDATA[com.thingworx.csvimport.header]]></name>
                            <context><![CDATA[Checkbox text]]></context>
                            <value><![CDATA[My CSV file has a header row]]></value>
                        </Row>
                        <Row>
                            <usage><![CDATA[Tooltip]]></usage>
                            <name><![CDATA[com.thingworx.csvimport.headertip]]></name>
                            <context><![CDATA[Checkbox tooltip]]></context>
                            <value><![CDATA[Check this box to indicate that your CSV file's first row should be ignored]]></value>
                        </Row>
                        <Row>
                            <usage><![CDATA[Label]]></usage>
                            <name><![CDATA[com.thingworx.csvimport.importbutton]]></name>
                            <context><![CDATA[Import button label]]></context>
                            <value><![CDATA[Import]]></value>
                        </Row>
                        <Row>
                            <usage><![CDATA[Tooltip]]></usage>
                            <name><![CDATA[com.thingworx.csvimport.importbuttontip]]></name>
                            <context><![CDATA[Tooltip for the import button]]></context>
                            <value><![CDATA[Click to import the CSV file]]></value>
                        </Row>
                        <Row>
                            <usage><![CDATA[Tooltip]]></usage>
                            <name><![CDATA[com.thingworx.csvimport.importfomattip]]></name>
                            <context><![CDATA[Tootip for the link to the import format popup]]></context>
                            <value><![CDATA[Click to view the import format]]></value>
                        </Row>
                        <Row>
                            <usage><![CDATA[Label]]></usage>
                            <name><![CDATA[com.thingworx.csvimport.importformat]]></name>
                            <context><![CDATA[Label for the link to the import format popup]]></context>
                            <value><![CDATA[Import Format]]></value>
                        </Row>
                        <Row>
                            <usage><![CDATA[Textbox]]></usage>
                            <name><![CDATA[com.thingworx.csvimport.instructions]]></name>
                            <context><![CDATA[Instruction text]]></context>
                            <value><![CDATA[Browse to your CSV file, click 'Upload', then click 'Import']]></value>
                        </Row>
                        <Row>
                            <usage><![CDATA[Textbox]]></usage>
                            <name><![CDATA[com.thingworx.csvimport.note]]></name>
                            <context><![CDATA[A note with important infomation on the format]]></context>
                            <value><![CDATA[Note: Source Gateways (column 1), Thing Templates (column 10), and optionally Value Streams (column19) must exist in the platform before importing the CSV file.]]></value>
                        </Row>
                        <Row>
                            <usage><![CDATA[Label]]></usage>
                            <name><![CDATA[com.thingworx.csvimport.title]]></name>
                            <context><![CDATA[Title of the mashup]]></context>
                            <value><![CDATA[CSV Import]]></value>
                        </Row>
                        <Row>
                            <usage><![CDATA[Message]]></usage>
                            <name><![CDATA[com.thingworx.csvimport.format.column1]]></name>
                            <context><![CDATA[Text describing column 1 of the format]]></context>
                            <value><![CDATA[Name of the edge server as it appears in TWX.]]></value>
                        </Row>
                        <Row>
                            <usage><![CDATA[Message]]></usage>
                            <name><![CDATA[com.thingworx.csvimport.format.column2]]></name>
                            <context><![CDATA[Text describing column 2 of the format]]></context>
                            <value><![CDATA[Channel/device path for the tag. Separate from the tag name both for readability and to support adding it into existing exported tags.]]></value>
                        </Row>
                        <Row>
                            <usage><![CDATA[Message]]></usage>
                            <name><![CDATA[com.thingworx.csvimport.format.column3]]></name>
                            <context><![CDATA[Text describing column 3 of the format]]></context>
                            <value><![CDATA[Either the name of a statically defined tag or address for a dynamic tag. Includes tag groups.]]></value>
                        </Row>
                        <Row>
                            <usage><![CDATA[Message]]></usage>
                            <name><![CDATA[com.thingworx.csvimport.format.column4]]></name>
                            <context><![CDATA[Text describing column 4 of the format]]></context>
                            <value><![CDATA[Format of the data, must match a valid data type for the address defined or tag reads will fail.]]></value>
                        </Row>
                        <Row>
                            <usage><![CDATA[Message]]></usage>
                            <name><![CDATA[com.thingworx.csvimport.format.column5]]></name>
                            <context><![CDATA[Text describing column 5 of the format]]></context>
                            <value><![CDATA[Boolean field. Defaults to the tag's permissions if left blank.]]></value>
                        </Row>
                        <Row>
                            <usage><![CDATA[Message]]></usage>
                            <name><![CDATA[com.thingworx.csvimport.format.column6]]></name>
                            <context><![CDATA[Text describing column 6 of the format]]></context>
                            <value><![CDATA[Informational regarding the tag defined. Can be left blank.]]></value>
                        </Row>
                        <Row>
                            <usage><![CDATA[Message]]></usage>
                            <name><![CDATA[com.thingworx.csvimport.format.column7]]></name>
                            <context><![CDATA[Text describing column 7 of the format]]></context>
                            <value><![CDATA[Informational]]></value>
                        </Row>
                        <Row>
                            <usage><![CDATA[Message]]></usage>
                            <name><![CDATA[com.thingworx.csvimport.format.column8]]></name>
                            <context><![CDATA[Text describing column 8 of the format]]></context>
                            <value><![CDATA[Value the ThingWorx property is set to on creation. Optional.]]></value>
                        </Row>
                        <Row>
                            <usage><![CDATA[Message]]></usage>
                            <name><![CDATA[com.thingworx.csvimport.format.column9]]></name>
                            <context><![CDATA[Text describing column 9 of the format]]></context>
                            <value><![CDATA[Thing to find or create in ThingWorx. If created, will default to a Remote Thing with the Connectivity Shape implemented.]]></value>
                        </Row>
                        <Row>
                            <usage><![CDATA[Message]]></usage>
                            <name><![CDATA[com.thingworx.csvimport.format.column10]]></name>
                            <context><![CDATA[Text describing column 10 of the format]]></context>
                            <value><![CDATA[Defaults to Remote Thing if not present. Will fail to create if the chosen template does not inherit Remote Thing.]]></value>
                        </Row>
                        <Row>
                            <usage><![CDATA[Message]]></usage>
                            <name><![CDATA[com.thingworx.csvimport.format.column11]]></name>
                            <context><![CDATA[Text describing column 11 of the format]]></context>
                            <value><![CDATA[Name of the property to find or create.]]></value>
                        </Row>
                        <Row>
                            <usage><![CDATA[Message]]></usage>
                            <name><![CDATA[com.thingworx.csvimport.format.column12]]></name>
                            <context><![CDATA[Text describing column 12 of the format]]></context>
                            <value><![CDATA[Self explanatory.]]></value>
                        </Row>
                        <Row>
                            <usage><![CDATA[Message]]></usage>
                            <name><![CDATA[com.thingworx.csvimport.format.column13]]></name>
                            <context><![CDATA[Text describing column 13 of the format]]></context>
                            <value><![CDATA[Rate in milliseconds at which the property should update. If left blank, it will receive the Native Interface default.]]></value>
                        </Row>
                        <Row>
                            <usage><![CDATA[Message]]></usage>
                            <name><![CDATA[com.thingworx.csvimport.format.column14]]></name>
                            <context><![CDATA[Text describing column 14 of the format]]></context>
                            <value><![CDATA[Informational regarding the property. If left blank, it will default to the Tag Description.]]></value>
                        </Row>
                        <Row>
                            <usage><![CDATA[Message]]></usage>
                            <name><![CDATA[com.thingworx.csvimport.format.column15]]></name>
                            <context><![CDATA[Text describing column 15 of the format]]></context>
                            <value><![CDATA[Never if it should not be scanning on creation, otherwise Value, Always, or Deadband.]]></value>
                        </Row>
                        <Row>
                            <usage><![CDATA[Message]]></usage>
                            <name><![CDATA[com.thingworx.csvimport.format.column16]]></name>
                            <context><![CDATA[Text describing column 16 of the format]]></context>
                            <value><![CDATA[Value delta to trigger an update.]]></value>
                        </Row>
                        <Row>
                            <usage><![CDATA[Message]]></usage>
                            <name><![CDATA[com.thingworx.csvimport.format.column17]]></name>
                            <context><![CDATA[Text describing column 17 of the format]]></context>
                            <value><![CDATA[Base type of the property.]]></value>
                        </Row>
                        <Row>
                            <usage><![CDATA[Message]]></usage>
                            <name><![CDATA[com.thingworx.csvimport.format.column18]]></name>
                            <context><![CDATA[Text describing column 18 of the format]]></context>
                            <value><![CDATA[Boolean field. Defaults to false if not present.]]></value>
                        </Row>
                        <Row>
                            <usage><![CDATA[Message]]></usage>
                            <name><![CDATA[com.thingworx.csvimport.format.column19]]></name>
                            <context><![CDATA[Text describing column 19 of the format]]></context>
                            <value><![CDATA[If present, the logging will be enabled and data sent to this value stream.]]></value>
                        </Row>
                    </Rows>
                </ConfigurationTable>
            </ConfigurationTables>
        </LocalizationTable>
    </LocalizationTables>
</Entities>