<Entities>
    <DataShapes>
        <DataShape baseDataShape="" description="Data Shape for Import Format" name="ImportFormat" projectName="" tags="">
            <FieldDefinitions>
                <FieldDefinition aspect.isPrimaryKey="true" baseType="INTEGER" description="" name="column"/>
                <FieldDefinition baseType="STRING" description="" name="name"/>
                <FieldDefinition baseType="BOOLEAN" description="" name="required"/>
                <FieldDefinition baseType="STRING" description="" name="description"/>
            </FieldDefinitions>
        </DataShape>
    </DataShapes>
</Entities>
