<Entities>
    <Things>
        <Thing description="Helper Thing for CSV Import" documentationContent="" enabled="true" homeMashup="" identifier="" name="ImportHelper" projectName="" published="false" tags="" thingTemplate="GenericThing" valueStream="">
            <ThingShape>
                <PropertyDefinitions/>
                <ServiceDefinitions>
                    <ServiceDefinition aspect.isAsync="false" category="" description="" isAllowOverride="false" isLocalOnly="false" isOpen="false" isPrivate="false" name="ConvertToXML">
                        <ResultType baseType="NOTHING" description="" name="result" ordinal="0"/>
                        <ParameterDefinitions>
                            <FieldDefinition aspect.isRequired="true" baseType="STRING" description="" name="csvFilename" ordinal="1"/>
                            <FieldDefinition baseType="BOOLEAN" description="" name="hasHeaderRow" ordinal="4"/>
                        </ParameterDefinitions>
                    </ServiceDefinition>
                    <ServiceDefinition aspect.isAsync="false" category="" description="" isAllowOverride="false" isLocalOnly="false" isOpen="false" isPrivate="false" name="ImportFormat">
                        <ResultType aspect.dataShape="ImportFormat" baseType="INFOTABLE" description="" name="result" ordinal="0"/>
                        <ParameterDefinitions/>
                    </ServiceDefinition>
                </ServiceDefinitions>
                <EventDefinitions/>
                <ServiceMappings/>
                <ServiceImplementations>
                    <ServiceImplementation description="" handlerName="Script" name="ConvertToXML">
                        <ConfigurationTables>
                            <ConfigurationTable description="Script" isMultiRow="false" name="Script" ordinal="0">
                                <DataShape>
                                    <FieldDefinitions>
                                        <FieldDefinition baseType="STRING" description="code" name="code" ordinal="0"/>
                                    </FieldDefinitions>
                                </DataShape>
                                <Rows>
                                    <Row>
                                        <code><![CDATA[var Content = Things["ImportRepository"].LoadText({
    path: csvFilename
});

var xmlContent = '<Entities>\r <Things>\r';

var lines = Content.split(/\r?\n/);
var lineNo = 0;
if (hasHeaderRow) {
    lineNo = 1;
}
var newThings = {};
while (lineNo < lines.length) {
    var fields = lines[lineNo].split(',');
    var thingName = fields[8];
    if (thingName) {
        var newThing = newThings[thingName];
        if (!newThing) {
            newThing = {};
            newThings[thingName] = newThing;
            newThing.thingTemplate = fields[9];
            newThing.gateway = fields[0];
            newThing.valueStream = "";
            newThing.properties = {};
        }
        var property = {};
        property.name = fields[10];
        property.path = fields[1];
        property.tag = fields[2];
        property.dataType = fields[3];
        property.readOnly = fields[4];
        // tag description (fields[5]) is ignored
        // units (fields[6]) is ignored
        property.defaultValue = fields[7];
        property.category = fields[11];
        property.scanRate = fields[12];
        property.description = fields[13];
        property.pushType = fields[14].toUpperCase();
        property.pushThreshold = fields[15];
        property.baseType = fields[16].toUpperCase();
        property.persistent = fields[17];
        property.logged = fields[18];
        if (fields[18]) {
            property.logged = true;
            if (!newThing.valueStream) {
                newThing.valueStream = fields[18];
            }
        }
        newThing.properties[property.name] = property;
    }
    lineNo++;
}

for (var key in newThings) {
    var nextThing = newThings[key];
    
    var implementsIndustrialShape = false;
    var gatewayThing = Things[nextThing.gateway];
    if (gatewayThing) {
        var isGatewayOK = gatewayThing.IsDerivedFromTemplate({
            thingTemplateName: "IndustrialGateway"
        });
        if (!isGatewayOK) {
            throw "Source Gateway [" + nextThing.gateway + "] does not implement IndustrialGateway";
        }
    } else {
        throw "Source Gateway [" + nextThing.gateway + "] does not exist";
    }
    
    var remoteTemplate = ThingTemplates[nextThing.thingTemplate];
    if (remoteTemplate) {
        var isTemplateOK = remoteTemplate.IsDerivedFromTemplate({
            thingTemplateName: "RemoteThing"
        });
        if (!isTemplateOK) {
            throw "Thing Template [" + nextThing.thingTemplate + "] does not implement RemoteThing";
        }
        var templateProps = remoteTemplate.GetInstancePropertyDefinitions({
            type: "THINGNAME"
        });

        for (var x = 0; x < templateProps.rows.length; x++) {
            var row = templateProps.rows[x];
            if (row.name === "IndustrialThing") {
                implementsIndustrialShape = true;
            }
        }
    } else {
        throw "Thing Template [" + nextThing.thingTemplate + "] does not exist";
    }

    xmlContent += '  <Thing enabled="true" name="' + key + '" thingTemplate="' + nextThing.thingTemplate + '" valueStream="' + nextThing.valueStream + '">\r   <ThingShape>\r    <PropertyDefinitions>\r';
    for (var propName in nextThing.properties) {
        var property = nextThing.properties[propName];
        xmlContent += '     <PropertyDefinition aspect.dataChangeType="VALUE" baseType="' + property.baseType + '" category="' + property.category + '" description="' + property.description + '" isLocalOnly="false" name="' + propName + '" aspect.isReadOnly="' + property.readOnly +'" aspect.isPersistent="' + property.persistent + '" aspect.isLogged="' + property.logged + '"';
        if (property.defaultValue) {
            xmlContent += ' aspect.defaultValue="' + property.defaultValue + '"';
        }
        xmlContent += '/>\r';
    }
    xmlContent += '    </PropertyDefinitions>\r   </ThingShape>\r   <RemotePropertyBindings>\r';
    for (var propName in nextThing.properties) {
        var property = nextThing.properties[propName];
        xmlContent += '     <RemotePropertyBinding aspect.industrialDataType="' + property.dataType + '" aspect.tagAddress="' + property.path + '.' + property.tag + '" aspect.scanRate="' + property.scanRate + '" foldType="NONE" name="' + propName + '" pushThreshold="' + property.pushThreshold + '" pushType="' + property.pushType + '" sourceName="" timeout="0"/>\r';
    }
    xmlContent += '   </RemotePropertyBindings>\r   <AlertConfigurations>\r';
    for (var propName in nextThing.properties) {
        xmlContent += '     <AlertDefinitions name="' + propName + '"/>\r';
    }
    xmlContent += '   </AlertConfigurations>\r';
    if (!implementsIndustrialShape) {
        xmlContent += '   <ImplementedShapes>\r    <ImplementedShape name="IndustrialThingShape" type="ThingShape"/>\r   </ImplementedShapes>\r';
    }
    xmlContent += '   <ThingProperties>\r    <IndustrialThing><Value><![CDATA[' + nextThing.gateway + ']]]]><![CDATA[></Value><Timestamp><![CDATA[0]]]]><![CDATA[></Timestamp><Quality><![CDATA[GOOD]]]]><![CDATA[></Quality></IndustrialThing>\r   </ThingProperties>\r';
    xmlContent += '  </Thing>\r';
}
xmlContent += ' </Things>\r</Entities>';

var importDir = generateGUID();

Things["ImportRepository"].CreateFolder({
    path: importDir
});

var xmlPath = importDir + '/' + csvFilename + '.xml';

Things["ImportRepository"].SaveText({
    path: xmlPath /* STRING */,
    content: xmlContent
});

Resources["SourceControlFunctions"].ImportSourceControlledEntities({
    path: importDir,
    repositoryName: "ImportRepository"
});

Things["ImportRepository"].DeleteFolder({
    path: importDir
});


]]></code>
                                    </Row>
                                </Rows>
                            </ConfigurationTable>
                        </ConfigurationTables>
                    </ServiceImplementation>
                    <ServiceImplementation description="" handlerName="Script" name="ImportFormat">
                        <ConfigurationTables>
                            <ConfigurationTable description="Script" isMultiRow="false" name="Script" ordinal="0">
                                <DataShape>
                                    <FieldDefinitions>
                                        <FieldDefinition baseType="STRING" description="code" name="code" ordinal="0"/>
                                    </FieldDefinitions>
                                </DataShape>
                                <Rows>
                                    <Row>
                                        <code><![CDATA[var tokenInfoTable = Resources["RuntimeLocalizationFunctions"].SearchDefaultLocalizationTokens({
	searchExpression: "com.thingworx.csvimport.format.*"
});

var tokens = {};
var tokenLength = tokenInfoTable.rows.length;

for (var x = 0; x < tokenLength; x++) {
	var row = tokenInfoTable.rows[x];
    tokens[row.name] = row.value;
}

var result = Resources["InfoTableFunctions"].CreateInfoTableFromDataShape({
    infoTableName : "ImportFormat",
    dataShapeName : "ImportFormat"
});

result.AddRow({
    column: 1,
    name: "Source Gateway",
    description: tokens["com.thingworx.csvimport.format.column1"],
    required: true
});
result.AddRow({
    column: 2,
    name: "Path",
    description: tokens["com.thingworx.csvimport.format.column2"],
    required: true
});
result.AddRow({
    column: 3,
    name: "Tag Name",
    description: tokens["com.thingworx.csvimport.format.column3"],
    required: true
});
result.AddRow({
    column: 4,
    name: "Data Type",
    description: tokens["com.thingworx.csvimport.format.column4"],
    required: true
});
result.AddRow({
    column: 5,
    name: "Read Only",
    description: tokens["com.thingworx.csvimport.format.column5"],
    required: false
});
result.AddRow({
    column: 6,
    name: "Tag Description",
    description: tokens["com.thingworx.csvimport.format.column6"],
    required: false
});
result.AddRow({
    column: 7,
    name: "Units",
    description: tokens["com.thingworx.csvimport.format.column7"],
    required: false
});
result.AddRow({
    column: 8,
    name: "Default Value",
    description: tokens["com.thingworx.csvimport.format.column8"],
    required: false
});
result.AddRow({
    column: 9,
    name: "Thing Name",
    description: tokens["com.thingworx.csvimport.format.column9"],
    required: true
});
result.AddRow({
    column: 10,
    name: "Thing Template",
    description: tokens["com.thingworx.csvimport.format.column10"],
    required: true
});
result.AddRow({
    column: 11,
    name: "Property Name",
    description: tokens["com.thingworx.csvimport.format.column11"],
    required: true
});
result.AddRow({
    column: 12,
    name: "Category",
    description: tokens["com.thingworx.csvimport.format.column12"],
    required: false
});
result.AddRow({
    column: 13,
    name: "Scan Rate",
    description: tokens["com.thingworx.csvimport.format.column13"],
    required: false
});
result.AddRow({
    column: 14,
    name: "Property Description",
    description: tokens["com.thingworx.csvimport.format.column14"],
    required: false
});
result.AddRow({
    column: 15,
    name: "Push Type",
    description: tokens["com.thingworx.csvimport.format.column15"],
    required: false
});
result.AddRow({
    column: 16,
    name: "Push Threshold",
    description: tokens["com.thingworx.csvimport.format.column16"],
    required: false
});
result.AddRow({
    column: 17,
    name: "BaseType",
    description: tokens["com.thingworx.csvimport.format.column17"],
    required: true
});
result.AddRow({
    column: 18,
    name: "Persistent",
    description: tokens["com.thingworx.csvimport.format.column18"],
    required: false
});
result.AddRow({
    column: 19,
    name: "Value Stream",
    description: tokens["com.thingworx.csvimport.format.column19"],
    required: false
});

result.Sort({
    name: "column",
    ascending: true
});
]]></code>
                                    </Row>
                                </Rows>
                            </ConfigurationTable>
                        </ConfigurationTables>
                    </ServiceImplementation>
                </ServiceImplementations>
                <Subscriptions/>
            </ThingShape>
        </Thing>
    </Things>
</Entities>
