﻿<?xml version="1.0" encoding="UTF-8" standalone="no"?>
<Entities>
  <ExtensionPackages>
    <ExtensionPackage dependsOn="" description="" minimumThingWorxVersion="9.3.6" name="KBLabelPrinting" packageVersion="1.202437.5" vendor="Knorr-Bremse Services GmbH">
      <JarResources>
        <FileResource description="" file="KBLabelPrinting.jar" type="JAR" />
        <FileResource description="" file="commons-net-3.8.0.jar" type="JAR" />
      </JarResources>
    </ExtensionPackage>
  </ExtensionPackages>
  <ThingPackages>
    <ThingPackage className="com.kb.KBFtpLabelPrinterTemplate" description="" name="KBFtpLabelPrinterTemplatePackage" />
  </ThingPackages>
  <ThingTemplates>
    <ThingTemplate aspect.isEditableExtensionObject="false" description="" name="KBFtpLabelPrinterTemplate" thingPackage="KBFtpLabelPrinterTemplatePackage" />
  </ThingTemplates>
</Entities>